Dataset,Seed,Method,Class,Support,Precision,Recall,F1
BoTNeTIoT-L01,33,Raw+AE concat + MLP,Benign,4500,99.86672589960016,99.91111111111113,99.88891357476116
BoTNeTIoT-L01,33,Raw+AE concat + MLP,Attack,4500,99.91107158737216,99.86666666666667,99.88886419204267
BoTNeTIoT-L01,33,Raw+AE Transformer (optimized protocol),Benign,4500,99.34389140271492,97.57777777777775,98.45291479820628
BoTNeTIoT-L01,33,Raw+AE Transformer (optimized protocol),Attack,4500,97.62008733624454,99.35555555555555,98.48017621145374
BoTNeTIoT-L01,33,XGBoost,Benign,4500,100.0,99.97777777777776,99.9888876541838
BoTNeTIoT-L01,33,XGBoost,Attack,4500,99.97778271495224,100.0,99.98889012331963
BoTNeTIoT-L01,33,Optimized Raw Transformer,Benign,4500,99.17244464325654,98.53333333333332,98.85185598038125
BoTNeTIoT-L01,33,Optimized Raw Transformer,Attack,4500,98.54272466328108,99.17777777777778,98.85923136559973
BoTNeTIoT-L01,33,AE latent + MLP,Benign,4500,99.82234066178104,99.8888888888889,99.85560368765968
BoTNeTIoT-L01,33,AE latent + MLP,Attack,4500,99.88881476539916,99.82222222222222,99.85550739135267
BoTNeTIoT-L01,33,Optimized Gated AE-T,Benign,4500,99.93336294980008,99.97777777777776,99.95556542990448
BoTNeTIoT-L01,33,Optimized Gated AE-T,Attack,4500,99.97776789684303,99.93333333333332,99.95554567681708
BoTNeTIoT-L01,33,Raw + MLP,Benign,4500,99.95553579368608,99.91111111111113,99.9333185152256
BoTNeTIoT-L01,33,Raw + MLP,Attack,4500,99.91115059973346,99.95555555555556,99.93334814485672
BoTNeTIoT-L01,33,Gated AE-T without focal,Benign,4500,99.93337774816789,100.0,99.96667777407532
BoTNeTIoT-L01,33,Gated AE-T without focal,Attack,4500,100.0,99.93333333333332,99.9666555518506
BoTNeTIoT-L01,33,Random Forest,Benign,4500,100.0,99.95555555555556,99.97777283840854
BoTNeTIoT-L01,33,Random Forest,Attack,4500,99.95557529986672,100.0,99.97778271495224
BoTNeTIoT-L01,44,Raw+AE concat + MLP,Benign,4500,99.68971631205676,99.95555555555556,99.8224589436307
BoTNeTIoT-L01,44,Raw+AE concat + MLP,Attack,4500,99.9554367201426,99.6888888888889,99.82198486871384
BoTNeTIoT-L01,44,Raw+AE Transformer (optimized protocol),Benign,4500,99.79381443298968,96.8,98.2741116751269
BoTNeTIoT-L01,44,Raw+AE Transformer (optimized protocol),Attack,4500,96.89320388349516,99.8,98.32512315270937
BoTNeTIoT-L01,44,XGBoost,Benign,4500,99.97777283840854,99.95555555555556,99.9666629625514
BoTNeTIoT-L01,44,XGBoost,Attack,4500,99.95556542990448,99.97777777777776,99.9666703699589
BoTNeTIoT-L01,44,Optimized Raw Transformer,Benign,4500,97.80790960451978,96.17777777777778,96.9859943977591
BoTNeTIoT-L01,44,Optimized Raw Transformer,Attack,4500,96.24043715846994,97.84444444444443,97.03581267217632
BoTNeTIoT-L01,44,AE latent + MLP,Benign,4500,99.77812291990236,99.93333333333332,99.8556678139225
BoTNeTIoT-L01,44,AE latent + MLP,Attack,4500,99.93322946806144,99.77777777777776,99.85544312242855
BoTNeTIoT-L01,44,Optimized Gated AE-T,Benign,4500,99.68978506536672,99.97777777777776,99.833573726839
BoTNeTIoT-L01,44,Optimized Gated AE-T,Attack,4500,99.97771339425006,99.6888888888889,99.83309224435295
BoTNeTIoT-L01,44,Raw + MLP,Benign,4500,99.7781721384206,99.95555555555556,99.86678507992896
BoTNeTIoT-L01,44,Raw + MLP,Attack,4500,99.95547640249332,99.77777777777776,99.86654804270462
BoTNeTIoT-L01,44,Gated AE-T without focal,Benign,4500,99.80022197558267,99.91111111111113,99.85563575791228
BoTNeTIoT-L01,44,Gated AE-T without focal,Attack,4500,99.91101223581758,99.8,99.85547526403558
BoTNeTIoT-L01,44,Random Forest,Benign,4500,99.97776789684303,99.93333333333332,99.95554567681708
BoTNeTIoT-L01,44,Random Forest,Attack,4500,99.93336294980008,99.97777777777776,99.95556542990448
BoTNeTIoT-L01,11,Raw+AE concat + MLP,Benign,4500,99.84451354953354,99.8888888888889,99.8666962897134
BoTNeTIoT-L01,11,Raw+AE concat + MLP,Attack,4500,99.8888394842152,99.84444444444443,99.86663703045122
BoTNeTIoT-L01,11,Raw+AE Transformer (optimized protocol),Benign,4500,98.79839786381842,98.66666666666669,98.73248832555038
BoTNeTIoT-L01,11,Raw+AE Transformer (optimized protocol),Attack,4500,98.66844207723037,98.8,98.73417721518987
BoTNeTIoT-L01,11,XGBoost,Benign,4500,100.0,99.95555555555556,99.97777283840854
BoTNeTIoT-L01,11,XGBoost,Attack,4500,99.95557529986672,100.0,99.97778271495224
BoTNeTIoT-L01,11,Optimized Raw Transformer,Benign,4500,99.33672341366348,99.84444444444443,99.58993682810596
BoTNeTIoT-L01,11,Optimized Raw Transformer,Attack,4500,99.84364529819076,99.33333333333331,99.58783557981508
BoTNeTIoT-L01,11,AE latent + MLP,Benign,4500,99.80017761989345,99.8888888888889,99.84451354953354
BoTNeTIoT-L01,11,AE latent + MLP,Attack,4500,99.8887900355872,99.8,99.84437527790128
BoTNeTIoT-L01,11,Optimized Gated AE-T,Benign,4500,99.91115059973346,99.95555555555556,99.93334814485672
BoTNeTIoT-L01,11,Optimized Gated AE-T,Attack,4500,99.95553579368608,99.91111111111113,99.9333185152256
BoTNeTIoT-L01,11,Raw + MLP,Benign,4500,99.8224589436307,99.95555555555556,99.88896291361314
BoTNeTIoT-L01,11,Raw + MLP,Attack,4500,99.95549621717846,99.82222222222222,99.88881476539916
BoTNeTIoT-L01,11,Gated AE-T without focal,Benign,4500,99.86678507992896,99.95555555555556,99.91115059973346
BoTNeTIoT-L01,11,Gated AE-T without focal,Attack,4500,99.95551601423487,99.86666666666667,99.91107158737216
BoTNeTIoT-L01,11,Random Forest,Benign,4500,100.0,99.93333333333332,99.9666555518506
BoTNeTIoT-L01,11,Random Forest,Attack,4500,99.93337774816789,100.0,99.96667777407532
BoTNeTIoT-L01,22,Raw+AE concat + MLP,Benign,4500,99.75571840994893,99.82222222222222,99.78895923581028
BoTNeTIoT-L01,22,Raw+AE concat + MLP,Attack,4500,99.82210362463864,99.75555555555556,99.78881849505392
BoTNeTIoT-L01,22,Raw+AE Transformer (optimized protocol),Benign,4500,98.63736263736264,99.73333333333332,99.18232044198896
BoTNeTIoT-L01,22,Raw+AE Transformer (optimized protocol),Attack,4500,99.73033707865169,98.62222222222222,99.1731843575419
BoTNeTIoT-L01,22,XGBoost,Benign,4500,99.97777283840854,99.95555555555556,99.9666629625514
BoTNeTIoT-L01,22,XGBoost,Attack,4500,99.95556542990448,99.97777777777776,99.9666703699589
BoTNeTIoT-L01,22,Optimized Raw Transformer,Benign,4500,98.14311594202898,96.31111111111112,97.21848362494391
BoTNeTIoT-L01,22,Optimized Raw Transformer,Attack,4500,96.3787085514834,98.17777777777778,97.26992514310876
BoTNeTIoT-L01,22,AE latent + MLP,Benign,4500,99.68957871396896,99.91111111111113,99.80022197558267
BoTNeTIoT-L01,22,AE latent + MLP,Attack,4500,99.9109131403118,99.6888888888889,99.79977753058954
BoTNeTIoT-L01,22,Optimized Gated AE-T,Benign,4500,99.91113085980892,99.93333333333332,99.92223086323742
BoTNeTIoT-L01,22,Optimized Gated AE-T,Attack,4500,99.9333185152256,99.91111111111113,99.9222135792866
BoTNeTIoT-L01,22,Raw + MLP,Benign,4500,99.68964752826425,99.93333333333332,99.81134169348574
BoTNeTIoT-L01,22,Raw + MLP,Attack,4500,99.93316997104031,99.6888888888889,99.81087996440094
BoTNeTIoT-L01,22,Gated AE-T without focal,Benign,4500,99.91111111111113,99.91111111111113,99.91111111111113
BoTNeTIoT-L01,22,Gated AE-T without focal,Attack,4500,99.91111111111113,99.91111111111113,99.91111111111113
BoTNeTIoT-L01,22,Random Forest,Benign,4500,99.97777777777776,99.97777777777776,99.97777777777776
BoTNeTIoT-L01,22,Random Forest,Attack,4500,99.97777777777776,99.97777777777776,99.97777777777776
BoTNeTIoT-L01,55,Raw+AE concat + MLP,Benign,4500,99.82226171961788,99.84444444444443,99.83335184979448
BoTNeTIoT-L01,55,Raw+AE concat + MLP,Attack,4500,99.84440986885976,99.82222222222222,99.83331481275695
BoTNeTIoT-L01,55,Raw+AE Transformer (optimized protocol),Benign,4500,99.48614834673816,98.95555555555556,99.22014260249554
BoTNeTIoT-L01,55,Raw+AE Transformer (optimized protocol),Attack,4500,98.96109637488948,99.4888888888889,99.22429078014184
BoTNeTIoT-L01,55,XGBoost,Benign,4500,99.95557529986672,100.0,99.97778271495224
BoTNeTIoT-L01,55,XGBoost,Attack,4500,100.0,99.95555555555556,99.97777283840854
BoTNeTIoT-L01,55,Optimized Raw Transformer,Benign,4500,99.598841096501,99.3111111111111,99.45476799821964
BoTNeTIoT-L01,55,Optimized Raw Transformer,Attack,4500,99.31309550188344,99.6,99.45634084100745
BoTNeTIoT-L01,55,AE latent + MLP,Benign,4500,99.84437527790128,99.8,99.82218270726828
BoTNeTIoT-L01,55,AE latent + MLP,Attack,4500,99.80008884940028,99.84444444444443,99.82226171961788
BoTNeTIoT-L01,55,Optimized Gated AE-T,Benign,4500,99.86666666666667,99.86666666666667,99.86666666666667
BoTNeTIoT-L01,55,Optimized Gated AE-T,Attack,4500,99.86666666666667,99.86666666666667,99.86666666666667
BoTNeTIoT-L01,55,Raw + MLP,Benign,4500,99.8220640569395,99.73333333333332,99.77767896843042
BoTNeTIoT-L01,55,Raw + MLP,Attack,4500,99.7335701598579,99.82222222222222,99.77787649933364
BoTNeTIoT-L01,55,Gated AE-T without focal,Benign,4500,99.88896291361314,99.95555555555556,99.92224813950904
BoTNeTIoT-L01,55,Gated AE-T without focal,Attack,4500,99.95552590615966,99.8888888888889,99.92219628765145
BoTNeTIoT-L01,55,Random Forest,Benign,4500,100.0,99.97777777777776,99.9888876541838
BoTNeTIoT-L01,55,Random Forest,Attack,4500,99.97778271495224,100.0,99.98889012331963
CICIDS2017-7group,33,Raw+AE concat + MLP,BENIGN,600,88.2747068676717,87.83333333333333,88.05346700083541
CICIDS2017-7group,33,Raw+AE concat + MLP,Bot/Infiltration,598,91.1353032659409,97.9933110367893,94.43996776792908
CICIDS2017-7group,33,Raw+AE concat + MLP,Brute Force,600,97.35449735449735,92.0,94.60154241645245
CICIDS2017-7group,33,Raw+AE concat + MLP,DDoS,600,98.97260273972604,96.33333333333334,97.63513513513512
CICIDS2017-7group,33,Raw+AE concat + MLP,DoS,600,95.697074010327,92.66666666666666,94.15749364944962
CICIDS2017-7group,33,Raw+AE concat + MLP,PortScan,600,96.30872483221476,95.66666666666669,95.9866220735786
CICIDS2017-7group,33,Raw+AE concat + MLP,Web Attack,202,78.87931034482759,90.5940594059406,84.33179723502305
CICIDS2017-7group,33,Raw+AE Transformer (optimized protocol),BENIGN,600,22.78481012658228,15.0,18.09045226130653
CICIDS2017-7group,33,Raw+AE Transformer (optimized protocol),Bot/Infiltration,598,55.73529411764706,63.37792642140469,59.31142410015649
CICIDS2017-7group,33,Raw+AE Transformer (optimized protocol),Brute Force,600,46.71814671814672,80.66666666666666,59.168704156479215
CICIDS2017-7group,33,Raw+AE Transformer (optimized protocol),DDoS,600,88.31615120274914,42.833333333333336,57.68799102132436
CICIDS2017-7group,33,Raw+AE Transformer (optimized protocol),DoS,600,63.12056737588653,59.333333333333336,61.16838487972509
CICIDS2017-7group,33,Raw+AE Transformer (optimized protocol),PortScan,600,79.12457912457911,39.16666666666666,52.39687848383501
CICIDS2017-7group,33,Raw+AE Transformer (optimized protocol),Web Attack,202,33.5195530726257,89.10891089108911,48.714479025710425
CICIDS2017-7group,33,XGBoost,BENIGN,600,98.8313856427379,98.66666666666669,98.7489574645538
CICIDS2017-7group,33,XGBoost,Bot/Infiltration,598,99.4991652754591,99.66555183946488,99.58228905597326
CICIDS2017-7group,33,XGBoost,Brute Force,600,95.578231292517,93.66666666666669,94.61279461279462
CICIDS2017-7group,33,XGBoost,DDoS,600,100.0,99.83333333333331,99.9165971643036
CICIDS2017-7group,33,XGBoost,DoS,600,99.16805324459234,99.33333333333331,99.25062447960032
CICIDS2017-7group,33,XGBoost,PortScan,600,99.83333333333331,99.83333333333331,99.83333333333331
CICIDS2017-7group,33,XGBoost,Web Attack,202,81.77570093457945,86.63366336633663,84.13461538461539
CICIDS2017-7group,33,Optimized Raw Transformer,BENIGN,600,46.986089644513136,50.66666666666667,48.757016840417
CICIDS2017-7group,33,Optimized Raw Transformer,Bot/Infiltration,598,63.40425531914894,24.91638795986622,35.77430972388956
CICIDS2017-7group,33,Optimized Raw Transformer,Brute Force,600,73.45399698340876,81.16666666666667,77.11797307996832
CICIDS2017-7group,33,Optimized Raw Transformer,DDoS,600,49.7029702970297,83.66666666666667,62.36024844720497
CICIDS2017-7group,33,Optimized Raw Transformer,DoS,600,77.1900826446281,77.83333333333333,77.51037344398341
CICIDS2017-7group,33,Optimized Raw Transformer,PortScan,600,81.21827411167513,53.333333333333336,64.38631790744466
CICIDS2017-7group,33,Optimized Raw Transformer,Web Attack,202,73.17073170731707,89.10891089108911,80.35714285714286
CICIDS2017-7group,33,AE latent + MLP,BENIGN,600,89.78102189781022,82.0,85.71428571428571
CICIDS2017-7group,33,AE latent + MLP,Bot/Infiltration,598,89.9513776337115,92.80936454849498,91.35802469135804
CICIDS2017-7group,33,AE latent + MLP,Brute Force,600,93.76083188908146,90.16666666666666,91.928632115548
CICIDS2017-7group,33,AE latent + MLP,DDoS,600,98.62306368330464,95.5,97.0364098221846
CICIDS2017-7group,33,AE latent + MLP,DoS,600,91.2685337726524,92.33333333333331,91.79784589892294
CICIDS2017-7group,33,AE latent + MLP,PortScan,600,88.66141732283465,93.83333333333331,91.17408906882592
CICIDS2017-7group,33,AE latent + MLP,Web Attack,202,77.87234042553192,90.5940594059406,83.7528604118993
CICIDS2017-7group,33,Optimized Gated AE-T,BENIGN,600,87.33509234828496,55.16666666666666,67.6200204290092
CICIDS2017-7group,33,Optimized Gated AE-T,Bot/Infiltration,598,81.71262699564586,94.14715719063544,87.49028749028749
CICIDS2017-7group,33,Optimized Gated AE-T,Brute Force,600,75.14124293785311,88.66666666666667,81.34556574923548
CICIDS2017-7group,33,Optimized Gated AE-T,DDoS,600,95.27145359019264,90.66666666666666,92.91204099060631
CICIDS2017-7group,33,Optimized Gated AE-T,DoS,600,96.37404580152672,84.16666666666667,89.85765124555161
CICIDS2017-7group,33,Optimized Gated AE-T,PortScan,600,82.29317851959361,94.5,87.97517455391777
CICIDS2017-7group,33,Optimized Gated AE-T,Web Attack,202,75.0,89.10891089108911,81.44796380090497
CICIDS2017-7group,33,Raw + MLP,BENIGN,600,95.0,79.16666666666666,86.36363636363636
CICIDS2017-7group,33,Raw + MLP,Bot/Infiltration,598,88.76404494382022,92.47491638795988,90.58149058149058
CICIDS2017-7group,33,Raw + MLP,Brute Force,600,87.23747980613894,90.0,88.59721082854799
CICIDS2017-7group,33,Raw + MLP,DDoS,600,98.62306368330464,95.5,97.0364098221846
CICIDS2017-7group,33,Raw + MLP,DoS,600,91.09697933227343,95.5,93.24654190398698
CICIDS2017-7group,33,Raw + MLP,PortScan,600,88.74388254486134,90.66666666666666,89.69497114591921
CICIDS2017-7group,33,Raw + MLP,Web Attack,202,77.87234042553192,90.5940594059406,83.7528604118993
CICIDS2017-7group,33,Gated AE-T without focal,BENIGN,600,64.39393939393939,70.83333333333334,67.46031746031747
CICIDS2017-7group,33,Gated AE-T without focal,Bot/Infiltration,598,93.63057324840764,73.7458193979933,82.50701590271281
CICIDS2017-7group,33,Gated AE-T without focal,Brute Force,600,81.38041733547352,84.5,82.91087489779233
CICIDS2017-7group,33,Gated AE-T without focal,DDoS,600,90.42904290429044,91.33333333333331,90.87893864013267
CICIDS2017-7group,33,Gated AE-T without focal,DoS,600,96.34615384615384,83.5,89.46428571428572
CICIDS2017-7group,33,Gated AE-T without focal,PortScan,600,82.25308641975309,88.83333333333333,85.41666666666666
CICIDS2017-7group,33,Gated AE-T without focal,Web Attack,202,66.91176470588235,90.0990099009901,76.79324894514767
CICIDS2017-7group,33,Random Forest,BENIGN,600,98.1543624161074,97.5,97.82608695652172
CICIDS2017-7group,33,Random Forest,Bot/Infiltration,598,98.9983305509182,99.1638795986622,99.0810359231412
CICIDS2017-7group,33,Random Forest,Brute Force,600,95.7698815566836,94.33333333333334,95.04617968094038
CICIDS2017-7group,33,Random Forest,DDoS,600,100.0,100.0,100.0
CICIDS2017-7group,33,Random Forest,DoS,600,98.84297520661156,99.66666666666669,99.25311203319502
CICIDS2017-7group,33,Random Forest,PortScan,600,99.66722129783692,99.83333333333331,99.7502081598668
CICIDS2017-7group,33,Random Forest,Web Attack,202,83.17307692307693,85.64356435643565,84.39024390243902
CICIDS2017-7group,44,Raw+AE concat + MLP,BENIGN,600,91.75824175824177,83.5,87.43455497382199
CICIDS2017-7group,44,Raw+AE concat + MLP,Bot/Infiltration,598,88.77721943048577,88.62876254180601,88.70292887029288
CICIDS2017-7group,44,Raw+AE concat + MLP,Brute Force,600,94.3562610229277,89.16666666666667,91.68808911739504
CICIDS2017-7group,44,Raw+AE concat + MLP,DDoS,600,97.96954314720811,96.5,97.22921914357684
CICIDS2017-7group,44,Raw+AE concat + MLP,DoS,600,91.38755980861244,95.5,93.39853300733496
CICIDS2017-7group,44,Raw+AE concat + MLP,PortScan,600,85.062893081761,90.16666666666666,87.54045307443366
CICIDS2017-7group,44,Raw+AE concat + MLP,Web Attack,202,81.77966101694916,95.54455445544554,88.12785388127854
CICIDS2017-7group,44,Raw+AE Transformer (optimized protocol),BENIGN,600,83.9506172839506,56.66666666666666,67.66169154228857
CICIDS2017-7group,44,Raw+AE Transformer (optimized protocol),Bot/Infiltration,598,84.15492957746478,79.93311036789298,81.98970840480274
CICIDS2017-7group,44,Raw+AE Transformer (optimized protocol),Brute Force,600,56.057007125890735,39.33333333333333,46.22918707149853
CICIDS2017-7group,44,Raw+AE Transformer (optimized protocol),DDoS,600,90.09009009009009,50.0,64.30868167202573
CICIDS2017-7group,44,Raw+AE Transformer (optimized protocol),DoS,600,57.073760580411125,78.66666666666666,66.15276804484932
CICIDS2017-7group,44,Raw+AE Transformer (optimized protocol),PortScan,600,59.49506037321625,90.33333333333331,71.74056915949703
CICIDS2017-7group,44,Raw+AE Transformer (optimized protocol),Web Attack,202,55.52238805970149,92.07920792079209,69.27374301675978
CICIDS2017-7group,44,XGBoost,BENIGN,600,99.6627318718381,98.5,99.07795473595976
CICIDS2017-7group,44,XGBoost,Bot/Infiltration,598,99.33554817275748,100.0,99.66666666666669
CICIDS2017-7group,44,XGBoost,Brute Force,600,97.23661485319516,93.83333333333331,95.50466497031384
CICIDS2017-7group,44,XGBoost,DDoS,600,100.0,100.0,100.0
CICIDS2017-7group,44,XGBoost,DoS,600,99.66777408637874,100.0,99.83361064891848
CICIDS2017-7group,44,XGBoost,PortScan,600,99.6661101836394,99.5,99.58298582151794
CICIDS2017-7group,44,XGBoost,Web Attack,202,82.66666666666667,92.07920792079209,87.11943793911007
CICIDS2017-7group,44,Optimized Raw Transformer,BENIGN,600,50.93457943925234,18.166666666666668,26.78132678132678
CICIDS2017-7group,44,Optimized Raw Transformer,Bot/Infiltration,598,25.01883948756593,55.51839464882943,34.493506493506494
CICIDS2017-7group,44,Optimized Raw Transformer,Brute Force,600,83.91608391608392,20.0,32.3014804845222
CICIDS2017-7group,44,Optimized Raw Transformer,DDoS,600,61.70542635658914,66.33333333333333,63.93574297188756
CICIDS2017-7group,44,Optimized Raw Transformer,DoS,600,73.3652312599681,76.66666666666667,74.97962510187449
CICIDS2017-7group,44,Optimized Raw Transformer,PortScan,600,55.074875207986686,55.16666666666666,55.120732722731056
CICIDS2017-7group,44,Optimized Raw Transformer,Web Attack,202,74.8971193415638,90.0990099009901,81.79775280898876
CICIDS2017-7group,44,AE latent + MLP,BENIGN,600,91.38240574506284,84.83333333333334,87.98617113223854
CICIDS2017-7group,44,AE latent + MLP,Bot/Infiltration,598,91.74917491749174,92.97658862876254,92.35880398671095
CICIDS2017-7group,44,AE latent + MLP,Brute Force,600,94.29530201342284,93.66666666666669,93.9799331103679
CICIDS2017-7group,44,AE latent + MLP,DDoS,600,98.3221476510067,97.66666666666669,97.9933110367893
CICIDS2017-7group,44,AE latent + MLP,DoS,600,95.06802721088437,93.16666666666666,94.10774410774413
CICIDS2017-7group,44,AE latent + MLP,PortScan,600,91.437802907916,94.33333333333334,92.86300246103364
CICIDS2017-7group,44,AE latent + MLP,Web Attack,202,80.67226890756302,95.04950495049503,87.27272727272727
CICIDS2017-7group,44,Optimized Gated AE-T,BENIGN,600,87.93103448275862,68.0,76.69172932330827
CICIDS2017-7group,44,Optimized Gated AE-T,Bot/Infiltration,598,75.35612535612536,88.46153846153845,81.38461538461539
CICIDS2017-7group,44,Optimized Gated AE-T,Brute Force,600,86.46616541353383,76.66666666666667,81.2720848056537
CICIDS2017-7group,44,Optimized Gated AE-T,DDoS,600,92.6905132192846,99.33333333333331,95.89702333065163
CICIDS2017-7group,44,Optimized Gated AE-T,DoS,600,80.44382801664355,96.66666666666669,87.8122634367903
CICIDS2017-7group,44,Optimized Gated AE-T,PortScan,600,86.71875,74.0,79.85611510791367
CICIDS2017-7group,44,Optimized Gated AE-T,Web Attack,202,83.6283185840708,93.56435643564356,88.3177570093458
CICIDS2017-7group,44,Raw + MLP,BENIGN,600,95.02868068833652,82.83333333333334,88.51291184327692
CICIDS2017-7group,44,Raw + MLP,Bot/Infiltration,598,89.54041204437401,94.48160535117056,91.9446704637917
CICIDS2017-7group,44,Raw + MLP,Brute Force,600,89.5330112721417,92.66666666666666,91.07289107289108
CICIDS2017-7group,44,Raw + MLP,DDoS,600,97.8369384359401,98.0,97.91840133222316
CICIDS2017-7group,44,Raw + MLP,DoS,600,92.81150159744408,96.83333333333334,94.77977161500816
CICIDS2017-7group,44,Raw + MLP,PortScan,600,92.38938053097344,87.0,89.6137339055794
CICIDS2017-7group,44,Raw + MLP,Web Attack,202,82.83261802575107,95.54455445544554,88.73563218390804
CICIDS2017-7group,44,Gated AE-T without focal,BENIGN,600,92.81314168377824,75.33333333333333,83.16467341306347
CICIDS2017-7group,44,Gated AE-T without focal,Bot/Infiltration,598,88.28382838283828,89.4648829431438,88.87043189368771
CICIDS2017-7group,44,Gated AE-T without focal,Brute Force,600,93.0390492359932,91.33333333333331,92.17830109335576
CICIDS2017-7group,44,Gated AE-T without focal,DDoS,600,94.5859872611465,99.0,96.74267100977198
CICIDS2017-7group,44,Gated AE-T without focal,DoS,600,92.11356466876973,97.33333333333334,94.6515397082658
CICIDS2017-7group,44,Gated AE-T without focal,PortScan,600,88.71224165341812,93.0,90.80553295362084
CICIDS2017-7group,44,Gated AE-T without focal,Web Attack,202,83.25991189427313,93.56435643564356,88.11188811188812
CICIDS2017-7group,44,Random Forest,BENIGN,600,97.37704918032787,99.0,98.1818181818182
CICIDS2017-7group,44,Random Forest,Bot/Infiltration,598,99.66555183946488,99.66555183946488,99.66555183946488
CICIDS2017-7group,44,Random Forest,Brute Force,600,96.07508532423208,93.83333333333331,94.94097807757169
CICIDS2017-7group,44,Random Forest,DDoS,600,100.0,99.83333333333331,99.9165971643036
CICIDS2017-7group,44,Random Forest,DoS,600,99.00497512437812,99.5,99.25187032418953
CICIDS2017-7group,44,Random Forest,PortScan,600,99.83277591973244,99.5,99.6661101836394
CICIDS2017-7group,44,Random Forest,Web Attack,202,83.49514563106796,85.14851485148515,84.31372549019608
CICIDS2017-7group,11,Raw+AE concat + MLP,BENIGN,600,97.16024340770792,79.83333333333333,87.64867337602928
CICIDS2017-7group,11,Raw+AE concat + MLP,Bot/Infiltration,598,90.85072231139648,94.64882943143812,92.71089271089272
CICIDS2017-7group,11,Raw+AE concat + MLP,Brute Force,600,92.43986254295532,89.66666666666666,91.0321489001692
CICIDS2017-7group,11,Raw+AE concat + MLP,DDoS,600,97.3288814691152,97.16666666666669,97.24770642201835
CICIDS2017-7group,11,Raw+AE concat + MLP,DoS,600,90.3125,96.33333333333334,93.2258064516129
CICIDS2017-7group,11,Raw+AE concat + MLP,PortScan,600,88.62179487179486,92.16666666666666,90.359477124183
CICIDS2017-7group,11,Raw+AE concat + MLP,Web Attack,202,77.82426778242679,92.07920792079209,84.35374149659864
CICIDS2017-7group,11,Raw+AE Transformer (optimized protocol),BENIGN,600,72.83702213279678,60.333333333333336,65.99817684594348
CICIDS2017-7group,11,Raw+AE Transformer (optimized protocol),Bot/Infiltration,598,89.74358974358975,81.93979933110369,85.66433566433567
CICIDS2017-7group,11,Raw+AE Transformer (optimized protocol),Brute Force,600,78.26825127334465,76.83333333333333,77.54415475189235
CICIDS2017-7group,11,Raw+AE Transformer (optimized protocol),DDoS,600,76.36363636363637,91.0,83.04182509505704
CICIDS2017-7group,11,Raw+AE Transformer (optimized protocol),DoS,600,72.97297297297297,67.5,70.12987012987013
CICIDS2017-7group,11,Raw+AE Transformer (optimized protocol),PortScan,600,89.75609756097562,92.0,90.8641975308642
CICIDS2017-7group,11,Raw+AE Transformer (optimized protocol),Web Attack,202,64.66431095406361,90.5940594059406,75.4639175257732
CICIDS2017-7group,11,XGBoost,BENIGN,600,99.49748743718592,99.0,99.24812030075188
CICIDS2017-7group,11,XGBoost,Bot/Infiltration,598,99.83277591973244,99.83277591973244,99.83277591973244
CICIDS2017-7group,11,XGBoost,Brute Force,600,95.73378839590444,93.5,94.60370994940978
CICIDS2017-7group,11,XGBoost,DDoS,600,100.0,99.83333333333331,99.9165971643036
CICIDS2017-7group,11,XGBoost,DoS,600,98.36065573770492,100.0,99.17355371900828
CICIDS2017-7group,11,XGBoost,PortScan,600,99.83277591973244,99.5,99.6661101836394
CICIDS2017-7group,11,XGBoost,Web Attack,202,83.01886792452831,87.12871287128714,85.02415458937197
CICIDS2017-7group,11,Optimized Raw Transformer,BENIGN,600,41.24293785310734,48.66666666666667,44.64831804281346
CICIDS2017-7group,11,Optimized Raw Transformer,Bot/Infiltration,598,64.22413793103449,24.91638795986622,35.903614457831324
CICIDS2017-7group,11,Optimized Raw Transformer,Brute Force,600,82.01219512195121,89.66666666666666,85.6687898089172
CICIDS2017-7group,11,Optimized Raw Transformer,DDoS,600,63.98158803222095,92.66666666666666,75.69775357385977
CICIDS2017-7group,11,Optimized Raw Transformer,DoS,600,78.92644135188867,66.16666666666666,71.98549410698097
CICIDS2017-7group,11,Optimized Raw Transformer,PortScan,600,83.16831683168317,84.0,83.5820895522388
CICIDS2017-7group,11,Optimized Raw Transformer,Web Attack,202,80.08849557522124,89.60396039603961,84.57943925233646
CICIDS2017-7group,11,AE latent + MLP,BENIGN,600,92.35181644359464,80.5,86.01959038290295
CICIDS2017-7group,11,AE latent + MLP,Bot/Infiltration,598,89.66074313408724,92.80936454849498,91.20788824979458
CICIDS2017-7group,11,AE latent + MLP,Brute Force,600,92.68707482993196,90.83333333333331,91.75084175084174
CICIDS2017-7group,11,AE latent + MLP,DDoS,600,96.8227424749164,96.5,96.661101836394
CICIDS2017-7group,11,AE latent + MLP,DoS,600,92.43697478991596,91.66666666666666,92.05020920502092
CICIDS2017-7group,11,AE latent + MLP,PortScan,600,88.20754716981132,93.5,90.77669902912622
CICIDS2017-7group,11,AE latent + MLP,Web Attack,202,77.59336099585063,92.57425742574256,84.42437923250564
CICIDS2017-7group,11,Optimized Gated AE-T,BENIGN,600,67.42081447963801,74.5,70.78384798099762
CICIDS2017-7group,11,Optimized Gated AE-T,Bot/Infiltration,598,82.51445086705202,95.48494983277592,88.52713178294573
CICIDS2017-7group,11,Optimized Gated AE-T,Brute Force,600,90.8141962421712,72.5,80.63021316033364
CICIDS2017-7group,11,Optimized Gated AE-T,DDoS,600,93.33333333333331,95.66666666666669,94.48559670781891
CICIDS2017-7group,11,Optimized Gated AE-T,DoS,600,93.43339587242026,83.0,87.90820829655782
CICIDS2017-7group,11,Optimized Gated AE-T,PortScan,600,89.26746166950596,87.33333333333333,88.28980623420387
CICIDS2017-7group,11,Optimized Gated AE-T,Web Attack,202,80.95238095238095,92.57425742574256,86.37413394919169
CICIDS2017-7group,11,Raw + MLP,BENIGN,600,96.79358717434869,80.5,87.89808917197452
CICIDS2017-7group,11,Raw + MLP,Bot/Infiltration,598,91.20521172638436,93.64548494983278,92.4092409240924
CICIDS2017-7group,11,Raw + MLP,Brute Force,600,94.22066549912437,89.66666666666666,91.8872758326217
CICIDS2017-7group,11,Raw + MLP,DDoS,600,97.31543624161074,96.66666666666669,96.98996655518395
CICIDS2017-7group,11,Raw + MLP,DoS,600,90.40247678018576,97.33333333333334,93.73996789727128
CICIDS2017-7group,11,Raw + MLP,PortScan,600,87.91208791208791,93.33333333333331,90.54163298302343
CICIDS2017-7group,11,Raw + MLP,Web Attack,202,78.48101265822784,92.07920792079209,84.73804100227791
CICIDS2017-7group,11,Gated AE-T without focal,BENIGN,600,95.1271186440678,74.83333333333333,83.76865671641791
CICIDS2017-7group,11,Gated AE-T without focal,Bot/Infiltration,598,89.98410174880763,94.64882943143812,92.25753871230644
CICIDS2017-7group,11,Gated AE-T without focal,Brute Force,600,91.11570247933884,73.5,81.36531365313652
CICIDS2017-7group,11,Gated AE-T without focal,DDoS,600,89.07185628742515,99.16666666666669,93.84858044164038
CICIDS2017-7group,11,Gated AE-T without focal,DoS,600,78.93217893217893,91.16666666666666,84.6094354215004
CICIDS2017-7group,11,Gated AE-T without focal,PortScan,600,90.36918138041734,93.83333333333331,92.06868356500408
CICIDS2017-7group,11,Gated AE-T without focal,Web Attack,202,80.08658008658008,91.5841584158416,85.45034642032333
CICIDS2017-7group,11,Random Forest,BENIGN,600,96.4169381107492,98.66666666666669,97.52883031301482
CICIDS2017-7group,11,Random Forest,Bot/Infiltration,598,99.66555183946488,99.66555183946488,99.66555183946488
CICIDS2017-7group,11,Random Forest,Brute Force,600,92.48366013071896,94.33333333333334,93.3993399339934
CICIDS2017-7group,11,Random Forest,DDoS,600,100.0,99.83333333333331,99.9165971643036
CICIDS2017-7group,11,Random Forest,DoS,600,99.49579831932772,98.66666666666669,99.0794979079498
CICIDS2017-7group,11,Random Forest,PortScan,600,99.5008319467554,99.66666666666669,99.58368026644465
CICIDS2017-7group,11,Random Forest,Web Attack,202,82.32044198895028,73.76237623762376,77.80678851174935
CICIDS2017-7group,22,Raw+AE concat + MLP,BENIGN,600,95.28688524590164,77.5,85.47794117647058
CICIDS2017-7group,22,Raw+AE concat + MLP,Bot/Infiltration,598,84.29878048780488,92.47491638795988,88.19776714513556
CICIDS2017-7group,22,Raw+AE concat + MLP,Brute Force,600,91.82608695652172,88.0,89.87234042553192
CICIDS2017-7group,22,Raw+AE concat + MLP,DDoS,600,98.65319865319864,97.66666666666669,98.1574539363484
CICIDS2017-7group,22,Raw+AE concat + MLP,DoS,600,91.26365054602184,97.5,94.27880741337631
CICIDS2017-7group,22,Raw+AE concat + MLP,PortScan,600,88.85191347753744,89.0,88.92589508742714
CICIDS2017-7group,22,Raw+AE concat + MLP,Web Attack,202,77.55102040816327,94.05940594059405,85.01118568232661
CICIDS2017-7group,22,Raw+AE Transformer (optimized protocol),BENIGN,600,40.84278768233388,42.0,41.41331142152835
CICIDS2017-7group,22,Raw+AE Transformer (optimized protocol),Bot/Infiltration,598,54.409769335142464,67.05685618729098,60.0749063670412
CICIDS2017-7group,22,Raw+AE Transformer (optimized protocol),Brute Force,600,83.26996197718631,36.5,50.7531865585168
CICIDS2017-7group,22,Raw+AE Transformer (optimized protocol),DDoS,600,90.06772009029346,66.5,76.51006711409396
CICIDS2017-7group,22,Raw+AE Transformer (optimized protocol),DoS,600,60.050251256281406,79.66666666666666,68.48137535816619
CICIDS2017-7group,22,Raw+AE Transformer (optimized protocol),PortScan,600,50.47169811320755,53.5,51.94174757281553
CICIDS2017-7group,22,Raw+AE Transformer (optimized protocol),Web Attack,202,59.41558441558441,90.5940594059406,71.76470588235294
CICIDS2017-7group,22,XGBoost,BENIGN,600,98.34437086092716,99.0,98.67109634551495
CICIDS2017-7group,22,XGBoost,Bot/Infiltration,598,99.4991652754591,99.66555183946488,99.58228905597326
CICIDS2017-7group,22,XGBoost,Brute Force,600,94.91525423728814,93.33333333333331,94.11764705882352
CICIDS2017-7group,22,XGBoost,DDoS,600,100.0,100.0,100.0
CICIDS2017-7group,22,XGBoost,DoS,600,99.83108108108108,98.5,99.16107382550337
CICIDS2017-7group,22,XGBoost,PortScan,600,100.0,99.16666666666669,99.581589958159
CICIDS2017-7group,22,XGBoost,Web Attack,202,80.9090909090909,88.11881188118812,84.36018957345972
CICIDS2017-7group,22,Optimized Raw Transformer,BENIGN,600,50.63291139240506,26.666666666666668,34.93449781659388
CICIDS2017-7group,22,Optimized Raw Transformer,Bot/Infiltration,598,73.44753747323341,57.35785953177257,64.4131455399061
CICIDS2017-7group,22,Optimized Raw Transformer,Brute Force,600,65.77344701583435,90.0,76.00281491907108
CICIDS2017-7group,22,Optimized Raw Transformer,DDoS,600,53.10274669379452,87.0,65.95072646873025
CICIDS2017-7group,22,Optimized Raw Transformer,DoS,600,85.03521126760563,80.5,82.7054794520548
CICIDS2017-7group,22,Optimized Raw Transformer,PortScan,600,84.05405405405405,51.83333333333333,64.12371134020619
CICIDS2017-7group,22,Optimized Raw Transformer,Web Attack,202,70.9090909090909,96.53465346534654,81.76100628930818
CICIDS2017-7group,22,AE latent + MLP,BENIGN,600,94.34697855750488,80.66666666666666,86.97214734950583
CICIDS2017-7group,22,AE latent + MLP,Bot/Infiltration,598,89.07014681892332,91.30434782608695,90.17341040462428
CICIDS2017-7group,22,AE latent + MLP,Brute Force,600,91.86851211072664,88.5,90.15280135823429
CICIDS2017-7group,22,AE latent + MLP,DDoS,600,97.8297161936561,97.66666666666669,97.74812343619683
CICIDS2017-7group,22,AE latent + MLP,DoS,600,93.23671497584542,96.5,94.84029484029485
CICIDS2017-7group,22,AE latent + MLP,PortScan,600,87.5,92.16666666666666,89.77272727272727
CICIDS2017-7group,22,AE latent + MLP,Web Attack,202,77.8688524590164,94.05940594059405,85.20179372197309
CICIDS2017-7group,22,Optimized Gated AE-T,BENIGN,600,96.06879606879608,65.16666666666666,77.65640516385302
CICIDS2017-7group,22,Optimized Gated AE-T,Bot/Infiltration,598,80.23774145616642,90.3010033444816,84.97246262785208
CICIDS2017-7group,22,Optimized Gated AE-T,Brute Force,600,69.9865410497981,86.66666666666667,77.4385703648548
CICIDS2017-7group,22,Optimized Gated AE-T,DDoS,600,96.61654135338344,85.66666666666667,90.81272084805654
CICIDS2017-7group,22,Optimized Gated AE-T,DoS,600,83.93501805054152,77.5,80.58925476603119
CICIDS2017-7group,22,Optimized Gated AE-T,PortScan,600,86.11570247933884,86.83333333333333,86.47302904564316
CICIDS2017-7group,22,Optimized Gated AE-T,Web Attack,202,67.13286713286713,95.04950495049503,78.68852459016394
CICIDS2017-7group,22,Raw + MLP,BENIGN,600,95.45454545454544,80.5,87.34177215189874
CICIDS2017-7group,22,Raw + MLP,Bot/Infiltration,598,88.39427662957074,92.97658862876254,90.62754686226567
CICIDS2017-7group,22,Raw + MLP,Brute Force,600,92.16354344122658,90.16666666666666,91.1541701769166
CICIDS2017-7group,22,Raw + MLP,DDoS,600,98.8155668358714,97.33333333333334,98.0688497061293
CICIDS2017-7group,22,Raw + MLP,DoS,600,90.58641975308642,97.83333333333334,94.07051282051282
CICIDS2017-7group,22,Raw + MLP,PortScan,600,91.26050420168067,90.5,90.8786610878661
CICIDS2017-7group,22,Raw + MLP,Web Attack,202,77.8688524590164,94.05940594059405,85.20179372197309
CICIDS2017-7group,22,Gated AE-T without focal,BENIGN,600,90.88937093275489,69.83333333333334,78.98209236569275
CICIDS2017-7group,22,Gated AE-T without focal,Bot/Infiltration,598,86.16352201257862,91.63879598662209,88.81685575364668
CICIDS2017-7group,22,Gated AE-T without focal,Brute Force,600,84.32122370936902,73.5,78.53962600178095
CICIDS2017-7group,22,Gated AE-T without focal,DDoS,600,94.51612903225806,97.66666666666669,96.0655737704918
CICIDS2017-7group,22,Gated AE-T without focal,DoS,600,84.65266558966074,87.33333333333333,85.97210828547989
CICIDS2017-7group,22,Gated AE-T without focal,PortScan,600,81.22332859174965,95.16666666666669,87.6438986953185
CICIDS2017-7group,22,Gated AE-T without focal,Web Attack,202,77.31092436974791,91.0891089108911,83.63636363636363
CICIDS2017-7group,22,Random Forest,BENIGN,600,95.88815789473684,97.16666666666669,96.52317880794702
CICIDS2017-7group,22,Random Forest,Bot/Infiltration,598,99.32659932659934,98.66220735785951,98.99328859060402
CICIDS2017-7group,22,Random Forest,Brute Force,600,95.41595925297112,93.66666666666669,94.5332211942809
CICIDS2017-7group,22,Random Forest,DDoS,600,100.0,100.0,100.0
CICIDS2017-7group,22,Random Forest,DoS,600,98.17275747508306,98.5,98.33610648918469
CICIDS2017-7group,22,Random Forest,PortScan,600,100.0,99.5,99.74937343358395
CICIDS2017-7group,22,Random Forest,Web Attack,202,82.85714285714286,86.13861386138613,84.46601941747572
CICIDS2017-7group,55,Raw+AE concat + MLP,BENIGN,600,88.97338403041825,78.0,83.12611012433393
CICIDS2017-7group,55,Raw+AE concat + MLP,Bot/Infiltration,598,88.33865814696486,92.47491638795988,90.359477124183
CICIDS2017-7group,55,Raw+AE concat + MLP,Brute Force,600,93.65942028985508,86.16666666666667,89.75694444444444
CICIDS2017-7group,55,Raw+AE concat + MLP,DDoS,600,98.44559585492227,95.0,96.69211195928752
CICIDS2017-7group,55,Raw+AE concat + MLP,DoS,600,87.68,91.33333333333331,89.46938775510203
CICIDS2017-7group,55,Raw+AE concat + MLP,PortScan,600,85.21341463414635,93.16666666666666,89.01273885350318
CICIDS2017-7group,55,Raw+AE concat + MLP,Web Attack,202,79.23728813559322,92.57425742574256,85.38812785388129
CICIDS2017-7group,55,Raw+AE Transformer (optimized protocol),BENIGN,600,74.43298969072166,60.16666666666667,66.54377880184332
CICIDS2017-7group,55,Raw+AE Transformer (optimized protocol),Bot/Infiltration,598,71.40921409214093,88.12709030100334,78.89221556886228
CICIDS2017-7group,55,Raw+AE Transformer (optimized protocol),Brute Force,600,73.24561403508771,83.5,78.03738317757009
CICIDS2017-7group,55,Raw+AE Transformer (optimized protocol),DDoS,600,75.14204545454545,88.16666666666667,81.13496932515338
CICIDS2017-7group,55,Raw+AE Transformer (optimized protocol),DoS,600,85.16129032258064,44.0,58.02197802197803
CICIDS2017-7group,55,Raw+AE Transformer (optimized protocol),PortScan,600,91.4332784184514,92.5,91.96354598177298
CICIDS2017-7group,55,Raw+AE Transformer (optimized protocol),Web Attack,202,68.01470588235294,91.5841584158416,78.05907172995781
CICIDS2017-7group,55,XGBoost,BENIGN,600,99.15682967959528,98.0,98.57502095557416
CICIDS2017-7group,55,XGBoost,Bot/Infiltration,598,98.83527454242927,99.33110367892976,99.08256880733946
CICIDS2017-7group,55,XGBoost,Brute Force,600,94.15692821368948,94.0,94.07839866555464
CICIDS2017-7group,55,XGBoost,DDoS,600,99.83361064891848,100.0,99.91673605328891
CICIDS2017-7group,55,XGBoost,DoS,600,99.17218543046356,99.83333333333331,99.5016611295681
CICIDS2017-7group,55,XGBoost,PortScan,600,99.83136593591904,98.66666666666669,99.24559932942162
CICIDS2017-7group,55,XGBoost,Web Attack,202,83.25358851674642,86.13861386138613,84.67153284671532
CICIDS2017-7group,55,Optimized Raw Transformer,BENIGN,600,58.6,48.833333333333336,53.27272727272727
CICIDS2017-7group,55,Optimized Raw Transformer,Bot/Infiltration,598,78.82352941176471,89.63210702341136,83.8810641627543
CICIDS2017-7group,55,Optimized Raw Transformer,Brute Force,600,64.32664756446992,74.83333333333333,69.18335901386749
CICIDS2017-7group,55,Optimized Raw Transformer,DDoS,600,85.26315789473684,67.5,75.34883720930232
CICIDS2017-7group,55,Optimized Raw Transformer,DoS,600,88.84540117416829,75.66666666666667,81.72817281728173
CICIDS2017-7group,55,Optimized Raw Transformer,PortScan,600,76.95590327169275,90.16666666666666,83.03914044512663
CICIDS2017-7group,55,Optimized Raw Transformer,Web Attack,202,80.25751072961373,92.57425742574256,85.97701149425288
CICIDS2017-7group,55,AE latent + MLP,BENIGN,600,81.01045296167247,77.5,79.21635434412265
CICIDS2017-7group,55,AE latent + MLP,Bot/Infiltration,598,85.202492211838,91.47157190635453,88.2258064516129
CICIDS2017-7group,55,AE latent + MLP,Brute Force,600,89.00343642611683,86.33333333333333,87.64805414551607
CICIDS2017-7group,55,AE latent + MLP,DDoS,600,97.75474956822109,94.33333333333334,96.01357082273113
CICIDS2017-7group,55,AE latent + MLP,DoS,600,92.15686274509804,86.16666666666667,89.06115417743324
CICIDS2017-7group,55,AE latent + MLP,PortScan,600,85.92,89.5,87.6734693877551
CICIDS2017-7group,55,AE latent + MLP,Web Attack,202,78.90295358649789,92.57425742574256,85.19362186788155
CICIDS2017-7group,55,Optimized Gated AE-T,BENIGN,600,87.84648187633263,68.66666666666667,77.08138447146867
CICIDS2017-7group,55,Optimized Gated AE-T,Bot/Infiltration,598,72.69021739130434,89.4648829431438,80.20989505247377
CICIDS2017-7group,55,Optimized Gated AE-T,Brute Force,600,91.90140845070422,87.0,89.38356164383562
CICIDS2017-7group,55,Optimized Gated AE-T,DDoS,600,97.94168096054888,95.16666666666669,96.53423499577346
CICIDS2017-7group,55,Optimized Gated AE-T,DoS,600,88.94080996884736,95.16666666666669,91.94847020933976
CICIDS2017-7group,55,Optimized Gated AE-T,PortScan,600,87.24584103512015,78.66666666666666,82.73444347063979
CICIDS2017-7group,55,Optimized Gated AE-T,Web Attack,202,74.71264367816092,96.53465346534654,84.23326133909286
CICIDS2017-7group,55,Raw + MLP,BENIGN,600,91.4018691588785,81.5,86.16740088105726
CICIDS2017-7group,55,Raw + MLP,Bot/Infiltration,598,91.0,91.30434782608695,91.15191986644408
CICIDS2017-7group,55,Raw + MLP,Brute Force,600,91.75084175084174,90.83333333333331,91.28978224455612
CICIDS2017-7group,55,Raw + MLP,DDoS,600,98.12925170068029,96.16666666666669,97.13804713804711
CICIDS2017-7group,55,Raw + MLP,DoS,600,90.7936507936508,95.33333333333334,93.0081300813008
CICIDS2017-7group,55,Raw + MLP,PortScan,600,89.28571428571429,91.66666666666666,90.46052631578948
CICIDS2017-7group,55,Raw + MLP,Web Attack,202,78.90295358649789,92.57425742574256,85.19362186788155
CICIDS2017-7group,55,Gated AE-T without focal,BENIGN,600,81.90127970749543,74.66666666666667,78.11682650392328
CICIDS2017-7group,55,Gated AE-T without focal,Bot/Infiltration,598,88.3248730964467,87.29096989966555,87.8048780487805
CICIDS2017-7group,55,Gated AE-T without focal,Brute Force,600,89.35018050541517,82.5,85.78856152512998
CICIDS2017-7group,55,Gated AE-T without focal,DDoS,600,95.03311258278146,95.66666666666669,95.34883720930232
CICIDS2017-7group,55,Gated AE-T without focal,DoS,600,91.98036006546644,93.66666666666669,92.81585466556564
CICIDS2017-7group,55,Gated AE-T without focal,PortScan,600,86.49468892261002,95.0,90.54805401111994
CICIDS2017-7group,55,Gated AE-T without focal,Web Attack,202,79.05982905982906,91.5841584158416,84.86238532110092
CICIDS2017-7group,55,Random Forest,BENIGN,600,98.49498327759196,98.16666666666669,98.330550918197
CICIDS2017-7group,55,Random Forest,Bot/Infiltration,598,98.67109634551495,99.33110367892976,99.0
CICIDS2017-7group,55,Random Forest,Brute Force,600,94.5364238410596,95.16666666666669,94.85049833887044
CICIDS2017-7group,55,Random Forest,DDoS,600,99.83361064891848,100.0,99.91673605328891
CICIDS2017-7group,55,Random Forest,DoS,600,99.33554817275748,99.66666666666669,99.5008319467554
CICIDS2017-7group,55,Random Forest,PortScan,600,99.8330550918197,99.66666666666669,99.74979149291076
CICIDS2017-7group,55,Random Forest,Web Attack,202,86.5979381443299,83.16831683168317,84.84848484848484
